adapter	dump_status	compile_status	snapshot_count	adapter_sha256	suffix_tool_sha256	before_cvpipelining_files
ascend_tutorial_01-vector-add.ttadapter	complete	fail:1	1	247232597960f5a37c5960a0bddc886ba56956a556cf07d04ef54130a78ce4ee	c2149795601874225a9f9feb6f699ce1ad9117f3c810b3e37500f29c7fd846b9	data/before_cvpipelining/ascend_tutorial_01-vector-add.ttadapter/before_cvpipelining_func_func_add_kernel_32.mlir
ascend_tutorial_02-fused-softmax.ttadapter	complete	fail:1	1	ec1e3c0a0a2f72c52d420959621a266b375a4d04720c75d6cf0b7a3b27d85e37	c2149795601874225a9f9feb6f699ce1ad9117f3c810b3e37500f29c7fd846b9	data/before_cvpipelining/ascend_tutorial_02-fused-softmax.ttadapter/before_cvpipelining_func_func_softmax_kernel_32.mlir
ascend_tutorial_03-matrix-multiplication.ttadapter	complete	fail:1	1	d83cff83368b0b60e99bc54406a57d5623e3a1cd153ccc32f99dc69abac7f3dc	c2149795601874225a9f9feb6f699ce1ad9117f3c810b3e37500f29c7fd846b9	data/before_cvpipelining/ascend_tutorial_03-matrix-multiplication.ttadapter/before_cvpipelining_func_func_matmul_kernel_32.mlir
ascend_tutorial_04-low-memory-dropout.ttadapter	complete	fail:1	1	d21907306ba09c53ee8eff49e03c7360a635a8d512e497c1400121702ca4ed62	c2149795601874225a9f9feb6f699ce1ad9117f3c810b3e37500f29c7fd846b9	data/before_cvpipelining/ascend_tutorial_04-low-memory-dropout.ttadapter/before_cvpipelining_func_func_dropout_32.mlir
ascend_tutorial_05-layer-norm.ttadapter	complete	fail:1	1	2c208a9cc00bba37266a34f1f33a58d8a3c7a7f0ad00157f5e6b67f35936df5c	c2149795601874225a9f9feb6f699ce1ad9117f3c810b3e37500f29c7fd846b9	data/before_cvpipelining/ascend_tutorial_05-layer-norm.ttadapter/before_cvpipelining_func_func_layer_norm_fwd_fused_32.mlir
ascend_tutorial_06-fused-attention.ttadapter	complete	fail:1	1	9f88ff9c8b0eab6f44bf8259feab06bc6224755c49d8402dbe2f2a73dfff12dc	c2149795601874225a9f9feb6f699ce1ad9117f3c810b3e37500f29c7fd846b9	data/before_cvpipelining/ascend_tutorial_06-fused-attention.ttadapter/before_cvpipelining_func_func_attn_fwd_32.mlir
ascend_tutorial_07-extern-functions.ttadapter	complete	fail:1	1	e5b6dbc6c2ed94d91ed8849feb4277ba294a892cab20180a84da62518eda2357	c2149795601874225a9f9feb6f699ce1ad9117f3c810b3e37500f29c7fd846b9	data/before_cvpipelining/ascend_tutorial_07-extern-functions.ttadapter/before_cvpipelining_func_func_asin_kernel_32.mlir
ascend_tutorial_08-grouped-gemm.ttadapter	complete	fail:1	1	995d7cd07af4eec9c2bf95374dfb1e231377146feb9d5abec4f3d780d116d510	c2149795601874225a9f9feb6f699ce1ad9117f3c810b3e37500f29c7fd846b9	data/before_cvpipelining/ascend_tutorial_08-grouped-gemm.ttadapter/before_cvpipelining_func_func_grouped_matmul_kernel_32.mlir
ascend_tutorial_09-persistent-matmul.ttadapter	complete	fail:1	1	b74fc68eab73b2b18157b5a956afa5f0ff3da9974d79e27fd30ceea43e9b8d8e	c2149795601874225a9f9feb6f699ce1ad9117f3c810b3e37500f29c7fd846b9	data/before_cvpipelining/ascend_tutorial_09-persistent-matmul.ttadapter/before_cvpipelining_func_func_matmul_kernel_32.mlir
attn_cp_triton_kernel_3d.ttadapter	complete	fail:1	1	dc997445e1323b442bdead4cde1cb70fc310494a737f73659d0ac77bf2259dd0	c2149795601874225a9f9feb6f699ce1ad9117f3c810b3e37500f29c7fd846b9	data/before_cvpipelining/attn_cp_triton_kernel_3d.ttadapter/before_cvpipelining_func_func_tl_fn_forward_update_32.mlir
attn_cp_triton_kernel_3d_la.ttadapter	complete	fail:1	1	2d0c36244f59c54ec7e81d2f1eaa44c0ddb29485d66bcec3b42b3ec596dfb364	c2149795601874225a9f9feb6f699ce1ad9117f3c810b3e37500f29c7fd846b9	data/before_cvpipelining/attn_cp_triton_kernel_3d_la.ttadapter/before_cvpipelining_func_func_tl_fn_forward_update_la_32.mlir
attn_fwd.ttadapter	complete	fail:1	1	89fef176aa13def2131f56a30fd56f58ff94a184070cb2e39a4c773da5f26103	c2149795601874225a9f9feb6f699ce1ad9117f3c810b3e37500f29c7fd846b9	data/before_cvpipelining/attn_fwd.ttadapter/before_cvpipelining_func_func_attn_fwd_32.mlir
chunk_kda_bwd_kernel_wy_dqkg_fused_opt_v2.ttadapter	complete	fail:1	1	fc734b5ad1d3d70bd8e4175a82314049bacfd1f10adb54219414d0bd7570c6c2	c2149795601874225a9f9feb6f699ce1ad9117f3c810b3e37500f29c7fd846b9	data/before_cvpipelining/chunk_kda_bwd_kernel_wy_dqkg_fused_opt_v2.ttadapter/before_cvpipelining_func_func_chunk_kda_bwd_kernel_wy_dqkg_fused_opt_v2_32.mlir
kernels_vllm__triton_rope.ttadapter	complete	fail:1	1	aaf6fefa1652ead3f4f882ef1d5bdb41380ffd7a0a8534d2dbbaf3dfddcc9b80	c2149795601874225a9f9feb6f699ce1ad9117f3c810b3e37500f29c7fd846b9	data/before_cvpipelining/kernels_vllm__triton_rope.ttadapter/before_cvpipelining_func_func_triton_rope_32.mlir
kernels_vllm_chunk_gated_delta_rule_fwd_kernel_h_blockdim64.ttadapter	complete	fail:1	1	cfa13ed6ec1a65ac4eea13b14c5ca70ee88b095e4267ee7560b29124213be25b	c2149795601874225a9f9feb6f699ce1ad9117f3c810b3e37500f29c7fd846b9	data/before_cvpipelining/kernels_vllm_chunk_gated_delta_rule_fwd_kernel_h_blockdim64.ttadapter/before_cvpipelining_func_func_chunk_gated_delta_rule_fwd_kernel_h_blockdim64_32.mlir
kernels_vllm_chunk_local_cumsum_scalar_kernel.ttadapter	complete	fail:1	1	f6bb6be7888d9cc3f66bd9f88038795c5002b7e166e40e6d4a4069aac4d9de6b	c2149795601874225a9f9feb6f699ce1ad9117f3c810b3e37500f29c7fd846b9	data/before_cvpipelining/kernels_vllm_chunk_local_cumsum_scalar_kernel.ttadapter/before_cvpipelining_func_func_chunk_local_cumsum_scalar_kernel_32.mlir
kernels_vllm_chunk_scaled_dot_kkt_fwd_kernel.ttadapter	complete	fail:1	1	221360d4b1530a1a6129c5929f6280fd02b55f80450f4b21cbfc8f1457876881	c2149795601874225a9f9feb6f699ce1ad9117f3c810b3e37500f29c7fd846b9	data/before_cvpipelining/kernels_vllm_chunk_scaled_dot_kkt_fwd_kernel.ttadapter/before_cvpipelining_func_func_chunk_scaled_dot_kkt_fwd_kernel_32.mlir
kernels_vllm_expand_kernel.ttadapter	complete	fail:1	1	41f47c2b5e76441937571ad25059317c328ba1d9530fbc0ad7635fc6d30f3be3	c2149795601874225a9f9feb6f699ce1ad9117f3c810b3e37500f29c7fd846b9	data/before_cvpipelining/kernels_vllm_expand_kernel.ttadapter/before_cvpipelining_func_func_expand_kernel_32.mlir
kernels_vllm_fused_gdn_gating_kernel.ttadapter	complete	fail:1	1	398f137f542f646ea98748dde667cf5305dafc6d351110db7483196a105a1bac	c2149795601874225a9f9feb6f699ce1ad9117f3c810b3e37500f29c7fd846b9	data/before_cvpipelining/kernels_vllm_fused_gdn_gating_kernel.ttadapter/before_cvpipelining_func_func_fused_gdn_gating_kernel_32.mlir
kernels_vllm_fused_qkvzba_split_reshape_cat_kernel.ttadapter	complete	fail:1	1	2d1ebc36969d4fca8346a1b9550e18a21f0d5d44da548d90c97b694348d1d58f	c2149795601874225a9f9feb6f699ce1ad9117f3c810b3e37500f29c7fd846b9	data/before_cvpipelining/kernels_vllm_fused_qkvzba_split_reshape_cat_kernel.ttadapter/before_cvpipelining_func_func_fused_qkvzba_split_reshape_cat_kernel_32.mlir
kernels_vllm_l2norm_fwd_kernel2_loop.ttadapter	complete	fail:1	1	bc0ec2caed48e34a4c1466dd71a4807def4a664a9b9bdc85592d8bca9a89f580	c2149795601874225a9f9feb6f699ce1ad9117f3c810b3e37500f29c7fd846b9	data/before_cvpipelining/kernels_vllm_l2norm_fwd_kernel2_loop.ttadapter/before_cvpipelining_func_func_l2norm_fwd_kernel2_loop_32.mlir
kernels_vllm_layer_norm_fwd_kernel.ttadapter	complete	fail:1	1	989314b6b06181ed2331f83c8acb7fb73ab5cbe8a6631ac98bef4fe6f25bdd3c	c2149795601874225a9f9feb6f699ce1ad9117f3c810b3e37500f29c7fd846b9	data/before_cvpipelining/kernels_vllm_layer_norm_fwd_kernel.ttadapter/before_cvpipelining_func_func_layer_norm_fwd_kernel_32.mlir
kernels_vllm_merge_16x16_to_32x32_inverse_kernel.ttadapter	complete	fail:1	1	50b9b031fb34c14b41c6e3461f3d83bcbfb823b56508f7dd6d5f2b919bc18807	c2149795601874225a9f9feb6f699ce1ad9117f3c810b3e37500f29c7fd846b9	data/before_cvpipelining/kernels_vllm_merge_16x16_to_32x32_inverse_kernel.ttadapter/before_cvpipelining_func_func_merge_16x16_to_32x32_inverse_kernel_32.mlir
kernels_vllm_merge_16x16_to_64x64_inverse_kernel.ttadapter	complete	fail:1	1	cfc04a9f55588afc6871a7f3b1b54b62951e3feef85831800b26e4664ff48815	c2149795601874225a9f9feb6f699ce1ad9117f3c810b3e37500f29c7fd846b9	data/before_cvpipelining/kernels_vllm_merge_16x16_to_64x64_inverse_kernel.ttadapter/before_cvpipelining_func_func_merge_16x16_to_64x64_inverse_kernel_32.mlir
kernels_vllm_recompute_w_u_fwd_kernel.ttadapter	complete	fail:1	1	aa3c860c92f7e0705a25c764026df6d10a1725828bb2a2f3051c64b1159facd1	c2149795601874225a9f9feb6f699ce1ad9117f3c810b3e37500f29c7fd846b9	data/before_cvpipelining/kernels_vllm_recompute_w_u_fwd_kernel.ttadapter/before_cvpipelining_func_func_recompute_w_u_fwd_kernel_32.mlir
kernels_vllm_rejection_greedy_sample_spec_len_1_triton.ttadapter	complete	fail:1	1	4be75a76f8e999088e45fed218bf1f23b7d92dd8ae576bf973f6eaddba5d08ee	c2149795601874225a9f9feb6f699ce1ad9117f3c810b3e37500f29c7fd846b9	data/before_cvpipelining/kernels_vllm_rejection_greedy_sample_spec_len_1_triton.ttadapter/before_cvpipelining_func_func_rejection_greedy_sample_spec_len_1_triton_32.mlir
kernels_vllm_rejection_random_sample_kernel.ttadapter	complete	fail:1	1	7cbad45b841369ebf5cfaf1265982df3a9b94e5c9f91deb3094aa7c7e94721a0	c2149795601874225a9f9feb6f699ce1ad9117f3c810b3e37500f29c7fd846b9	data/before_cvpipelining/kernels_vllm_rejection_random_sample_kernel.ttadapter/before_cvpipelining_func_func_rejection_random_sample_kernel_32.mlir
kernels_vllm_sample_recovered_tokens_kernel.ttadapter	complete	fail:1	1	0ebae8c54c7ca2e4fb990d9528c11d4c7591544996d354eacaa206da75a51262	c2149795601874225a9f9feb6f699ce1ad9117f3c810b3e37500f29c7fd846b9	data/before_cvpipelining/kernels_vllm_sample_recovered_tokens_kernel.ttadapter/before_cvpipelining_func_func_sample_recovered_tokens_kernel_32.mlir
kernels_vllm_solve_tril_16x16_kernel.ttadapter	complete	fail:1	1	db3093cf4ae5014eae65a419b5fa870e49785371fb3ba15251b6b6bb4600c703	c2149795601874225a9f9feb6f699ce1ad9117f3c810b3e37500f29c7fd846b9	data/before_cvpipelining/kernels_vllm_solve_tril_16x16_kernel.ttadapter/before_cvpipelining_func_func_solve_tril_16x16_kernel_32.mlir
layernorm_bench.ttadapter	complete	fail:1	1	856deaf77ee8082c0875d0409a44cb8840e1b0d2a58b4d1928ba23bfc1aa5409	c2149795601874225a9f9feb6f699ce1ad9117f3c810b3e37500f29c7fd846b9	data/before_cvpipelining/layernorm_bench.ttadapter/before_cvpipelining_func_func_layernorm_kernel_32.mlir
python_tutorial_01-vector-add.ttadapter	complete	fail:1	1	8a2906461df94bc4d60611944aa4f13421e50676a0e8f68070e46700e79c2d1b	c2149795601874225a9f9feb6f699ce1ad9117f3c810b3e37500f29c7fd846b9	data/before_cvpipelining/python_tutorial_01-vector-add.ttadapter/before_cvpipelining_func_func_add_kernel_32.mlir
python_tutorial_02-fused-softmax.ttadapter	complete	fail:1	1	12a4b3ec6ab880815c837af7b6e64cec06cc95bd056d701a12bb11a568102de7	c2149795601874225a9f9feb6f699ce1ad9117f3c810b3e37500f29c7fd846b9	data/before_cvpipelining/python_tutorial_02-fused-softmax.ttadapter/before_cvpipelining_func_func_softmax_kernel_32.mlir
python_tutorial_03-matrix-multiplication.ttadapter	complete	fail:1	1	e9f09c55298feb93c7f76279ccdcb594df5265f431ee814fbc728af5c49ccaca	c2149795601874225a9f9feb6f699ce1ad9117f3c810b3e37500f29c7fd846b9	data/before_cvpipelining/python_tutorial_03-matrix-multiplication.ttadapter/before_cvpipelining_func_func_matmul_kernel_32.mlir
python_tutorial_04-low-memory-dropout.ttadapter	complete	fail:1	1	e52b1f1799953f78480520534cc5a27f59db3f0f91418bee25dfc240a4408e2d	c2149795601874225a9f9feb6f699ce1ad9117f3c810b3e37500f29c7fd846b9	data/before_cvpipelining/python_tutorial_04-low-memory-dropout.ttadapter/before_cvpipelining_func_func_dropout_32.mlir
python_tutorial_05-layer-norm.ttadapter	complete	fail:1	1	ad8ef14f0457a76619c1ef7c5b56f0ea365b54e7fc94507ab8fe88b435e83386	c2149795601874225a9f9feb6f699ce1ad9117f3c810b3e37500f29c7fd846b9	data/before_cvpipelining/python_tutorial_05-layer-norm.ttadapter/before_cvpipelining_func_func_layer_norm_fwd_fused_32.mlir
python_tutorial_06-fused-attention.ttadapter	complete	fail:1	1	1808a585cada210f4c9c6772f485cddae84e092a9b8cdfe65a65dfecdf158313	c2149795601874225a9f9feb6f699ce1ad9117f3c810b3e37500f29c7fd846b9	data/before_cvpipelining/python_tutorial_06-fused-attention.ttadapter/before_cvpipelining_func_func_attn_fwd_32.mlir
python_tutorial_07-extern-functions.ttadapter	complete	fail:1	1	f86d4cad45e6b68e6d8a40bab797d27201c0c87d81123fa19202c88df6845ec8	c2149795601874225a9f9feb6f699ce1ad9117f3c810b3e37500f29c7fd846b9	data/before_cvpipelining/python_tutorial_07-extern-functions.ttadapter/before_cvpipelining_func_func_asin_kernel_32.mlir
python_tutorial_08-grouped-gemm.ttadapter	complete	fail:1	1	6c1483b52828d7e27ba80f5bef5201cff7341e6f065746901a6b2a8835f22250	c2149795601874225a9f9feb6f699ce1ad9117f3c810b3e37500f29c7fd846b9	data/before_cvpipelining/python_tutorial_08-grouped-gemm.ttadapter/before_cvpipelining_func_func_grouped_matmul_kernel_32.mlir
python_tutorial_09-persistent-matmul.ttadapter	complete	fail:1	1	2eff3544a451c9034e6fc2841ab5dd6caf1c77239fd2885a74bf320df430bb0d	c2149795601874225a9f9feb6f699ce1ad9117f3c810b3e37500f29c7fd846b9	data/before_cvpipelining/python_tutorial_09-persistent-matmul.ttadapter/before_cvpipelining_func_func_matmul_kernel_32.mlir
python_tutorial_10-block-scaled-matmul.ttadapter	complete	fail:1	1	46643e3f905cd83fbe42c284c0f28fa2d5cf720c706ecd3621c567de95af4202	c2149795601874225a9f9feb6f699ce1ad9117f3c810b3e37500f29c7fd846b9	data/before_cvpipelining/python_tutorial_10-block-scaled-matmul.ttadapter/before_cvpipelining_func_func_block_scaled_matmul_ascend_kernel_32.mlir
python_tutorial_11-programmatic-dependent-launch.ttadapter	complete	fail:1	1	3624ed53f6e13325c3c896f25ce1c736016ac9086945037bcb9a51a6b393269d	c2149795601874225a9f9feb6f699ce1ad9117f3c810b3e37500f29c7fd846b9	data/before_cvpipelining/python_tutorial_11-programmatic-dependent-launch.ttadapter/before_cvpipelining_func_func_add_kernel_32.mlir
rmsnorm_bench.ttadapter	complete	fail:1	1	53313eb3aa603a7c280949a3bcf88ca3f227c21ba179cb12ff5fcc58773895de	c2149795601874225a9f9feb6f699ce1ad9117f3c810b3e37500f29c7fd846b9	data/before_cvpipelining/rmsnorm_bench.ttadapter/before_cvpipelining_func_func_rmsnorm_kernel_32.mlir
s0_original_baseline_5800us.ttadapter	complete	fail:1	1	c43b817b4c7f3e27ac9c8812eed75a3a4611a7c8d66624b2ee14c1c15188a6e3	c2149795601874225a9f9feb6f699ce1ad9117f3c810b3e37500f29c7fd846b9	data/before_cvpipelining/s0_original_baseline_5800us.ttadapter/before_cvpipelining_func_func_sparse_flash_attention_prefill_kernel_cvpipe_32.mlir
s1_exp3_BLOCK_V_512_5392us.ttadapter	complete	fail:1	1	5ef904add40a0ef57a38bb72254e95eb71f46c1b88275606c913208aa233f26f	c2149795601874225a9f9feb6f699ce1ad9117f3c810b3e37500f29c7fd846b9	data/before_cvpipelining/s1_exp3_BLOCK_V_512_5392us.ttadapter/before_cvpipelining_func_func_sparse_flash_attention_prefill_kernel_cvpipe_32.mlir
s2_exp4b_BLOCK_SBS_256_multibuffer_False_4356us.ttadapter	complete	fail:1	1	6d5e2ba7a55ddb5b9aadd61de9f41ec0fb18c9f48f51dac3349fd2ddd9398bc0	c2149795601874225a9f9feb6f699ce1ad9117f3c810b3e37500f29c7fd846b9	data/before_cvpipelining/s2_exp4b_BLOCK_SBS_256_multibuffer_False_4356us.ttadapter/before_cvpipelining_func_func_sparse_flash_attention_prefill_kernel_cvpipe_32.mlir
s3_exp6_mixed_cv_False_4337us.ttadapter	complete	fail:1	1	201ba0a744c3eeca76cbe786e414057afde6443ab9be128e9493ca0a6e0e1b77	c2149795601874225a9f9feb6f699ce1ad9117f3c810b3e37500f29c7fd846b9	data/before_cvpipelining/s3_exp6_mixed_cv_False_4337us.ttadapter/before_cvpipelining_func_func_sparse_flash_attention_prefill_kernel_cvpipe_32.mlir
s4_exp10_workspace_sv_bf16_4294us.ttadapter	complete	fail:1	1	efafa56d99a575587a117a028b4de26c03b6e3197bf719eaf3c911fe467a51a3	c2149795601874225a9f9feb6f699ce1ad9117f3c810b3e37500f29c7fd846b9	data/before_cvpipelining/s4_exp10_workspace_sv_bf16_4294us.ttadapter/before_cvpipelining_func_func_sparse_flash_attention_prefill_kernel_cvpipe_32.mlir
s5_exp15_hivm_auto_cv_balance_4235us.ttadapter	complete	fail:1	1	b4bda454d596df0f9137c29c39d1b4186293f2f6e4c50c6f0c7aaa4a0af6b4a2	c2149795601874225a9f9feb6f699ce1ad9117f3c810b3e37500f29c7fd846b9	data/before_cvpipelining/s5_exp15_hivm_auto_cv_balance_4235us.ttadapter/before_cvpipelining_func_func_sparse_flash_attention_prefill_kernel_cvpipe_32.mlir
s6_exp25_tile_mix_cube4_vec1_4075us.ttadapter	complete	fail:1	1	90a94d16d58d6240a969345ca9d088fb52da2f000abf7150793feb30da75f6d9	c2149795601874225a9f9feb6f699ce1ad9117f3c810b3e37500f29c7fd846b9	data/before_cvpipelining/s6_exp25_tile_mix_cube4_vec1_4075us.ttadapter/before_cvpipelining_func_func_sparse_flash_attention_prefill_kernel_cvpipe_32.mlir
s7_exp27_shared_kv_nope_SSA_3580us.ttadapter	complete	fail:1	1	76946d8d5952e1313d600831d5a57309e9b6c2c1e49a617292f4435fa0d48756	c2149795601874225a9f9feb6f699ce1ad9117f3c810b3e37500f29c7fd846b9	data/before_cvpipelining/s7_exp27_shared_kv_nope_SSA_3580us.ttadapter/before_cvpipelining_func_func_sparse_flash_attention_prefill_kernel_cvpipe_32.mlir
s8_exp28_hoist_Q_loads_3589us.ttadapter	complete	fail:1	1	92c6e0e892e283bb78871f201149b0e38d643b4b2e2747693c24342fd9324452	c2149795601874225a9f9feb6f699ce1ad9117f3c810b3e37500f29c7fd846b9	data/before_cvpipelining/s8_exp28_hoist_Q_loads_3589us.ttadapter/before_cvpipelining_func_func_sparse_flash_attention_prefill_kernel_cvpipe_32.mlir
s9_exp32_enable_code_motion_3573us_FINAL_BEST.ttadapter	complete	fail:1	1	3e7b43547c38297622616049bbcf1f2e17a4f6684db0f380d11815db63cb84bf	c2149795601874225a9f9feb6f699ce1ad9117f3c810b3e37500f29c7fd846b9	data/before_cvpipelining/s9_exp32_enable_code_motion_3573us_FINAL_BEST.ttadapter/before_cvpipelining_func_func_sparse_flash_attention_prefill_kernel_cvpipe_32.mlir
softmax_bench.ttadapter	complete	fail:1	1	474213df89adb40644bb267adb5ac31b67a92c8c58a13bb4e898d8c23e543a50	c2149795601874225a9f9feb6f699ce1ad9117f3c810b3e37500f29c7fd846b9	data/before_cvpipelining/softmax_bench.ttadapter/before_cvpipelining_func_func_softmax_kernel_32.mlir
triton.language.abs.ttadapter	complete	fail:1	1	4e7c1d2a48166fb98a303254ab881d5197bdbc48badd1cec1834dd0fb2f638ac	c2149795601874225a9f9feb6f699ce1ad9117f3c810b3e37500f29c7fd846b9	data/before_cvpipelining/triton.language.abs.ttadapter/before_cvpipelining_func_func_abs_kernel_32.mlir
triton.language.advance.ttadapter	complete	fail:1	1	a5e40402dcb4c18dbcabae0e7a14c0507347fc0cb0dd1cc6a8f31c88beb6c2be	c2149795601874225a9f9feb6f699ce1ad9117f3c810b3e37500f29c7fd846b9	data/before_cvpipelining/triton.language.advance.ttadapter/before_cvpipelining_func_func_kernel_32.mlir
triton.language.and.ttadapter	complete	fail:1	1	bee245ebe83f71e2e300709f0c2679482797c6c57b1184bc11853b76d4f22605	c2149795601874225a9f9feb6f699ce1ad9117f3c810b3e37500f29c7fd846b9	data/before_cvpipelining/triton.language.and.ttadapter/before_cvpipelining_func_func_fn_npu__32.mlir
triton.language.arange.ttadapter	complete	fail:1	1	6f15be057b6ace2d102d98c6d0e6275e209863fd6f07cee4dbc19596df1f41eb	c2149795601874225a9f9feb6f699ce1ad9117f3c810b3e37500f29c7fd846b9	data/before_cvpipelining/triton.language.arange.ttadapter/before_cvpipelining_func_func_arange_kernel_32.mlir
triton.language.argmax.ttadapter	complete	fail:1	1	e2e15c9707eb5f3fd4327a3c89c1323cd71b936f3cd5dedb2f7ed67019497f24	c2149795601874225a9f9feb6f699ce1ad9117f3c810b3e37500f29c7fd846b9	data/before_cvpipelining/triton.language.argmax.ttadapter/before_cvpipelining_func_func_triton_argmax_2d_32.mlir
triton.language.argmin.ttadapter	complete	fail:1	1	ed64b93b8751675e4154574b154acd477b6388b01437c416cb3c8e21163ae84b	c2149795601874225a9f9feb6f699ce1ad9117f3c810b3e37500f29c7fd846b9	data/before_cvpipelining/triton.language.argmin.ttadapter/before_cvpipelining_func_func_triton_argmin_2d_32.mlir
triton.language.associative_scan.ttadapter	complete	fail:1	1	54d1b01e47a9b2683caa0f311605a656e266f1806e7debc201e9185bce21e833	c2149795601874225a9f9feb6f699ce1ad9117f3c810b3e37500f29c7fd846b9	data/before_cvpipelining/triton.language.associative_scan.ttadapter/before_cvpipelining_func_func_associative_scan_2d_kernel_32.mlir
triton.language.assume.ttadapter	complete	fail:1	1	e0234ab03945f038c2975cfa01258fbf7f686017217653b7b843744cc1e2ad5b	c2149795601874225a9f9feb6f699ce1ad9117f3c810b3e37500f29c7fd846b9	data/before_cvpipelining/triton.language.assume.ttadapter/before_cvpipelining_func_func_assume_kernel_32.mlir
triton.language.atomic_add.ttadapter	complete	fail:1	1	c8f53e1d3a3fdb40c899fa6dedbc337b1817eefd968c3cbc36542e89f6f0d83a	c2149795601874225a9f9feb6f699ce1ad9117f3c810b3e37500f29c7fd846b9	data/before_cvpipelining/triton.language.atomic_add.ttadapter/before_cvpipelining_func_func_atomic_add_32.mlir
triton.language.atomic_and.ttadapter	complete	fail:1	1	418729664518813099d4c3085e7e90fa2c1e4dc2b2dd319968bdfde1a37a7a66	c2149795601874225a9f9feb6f699ce1ad9117f3c810b3e37500f29c7fd846b9	data/before_cvpipelining/triton.language.atomic_and.ttadapter/before_cvpipelining_func_func_atomic_and_32.mlir
triton.language.atomic_cas.ttadapter	complete	fail:1	1	d45fcd4d39fd1b7cc2e349067d14c93a0e15baf2013ed875139cf351176ac300	c2149795601874225a9f9feb6f699ce1ad9117f3c810b3e37500f29c7fd846b9	data/before_cvpipelining/triton.language.atomic_cas.ttadapter/before_cvpipelining_func_func_atomic_cas_32.mlir
triton.language.atomic_max.ttadapter	complete	fail:1	1	cc6e78d1e714f3b97553e1f5717d73eb523b3d0b6bc1437f0694e4b1d7eb99cb	c2149795601874225a9f9feb6f699ce1ad9117f3c810b3e37500f29c7fd846b9	data/before_cvpipelining/triton.language.atomic_max.ttadapter/before_cvpipelining_func_func_triton_atomic_max_32.mlir
triton.language.atomic_min.ttadapter	complete	fail:1	1	9e157a53bc3a54580d0fdacd0c0af6ab7c80fa527ebe13fa8a4169dd4b9b3648	c2149795601874225a9f9feb6f699ce1ad9117f3c810b3e37500f29c7fd846b9	data/before_cvpipelining/triton.language.atomic_min.ttadapter/before_cvpipelining_func_func_triton_atomic_min_32.mlir
triton.language.atomic_or.ttadapter	complete	fail:1	1	35171c31996c10aa1b97ecf69bf0e6cdb39b896afd56b1334e5c592011ce5333	c2149795601874225a9f9feb6f699ce1ad9117f3c810b3e37500f29c7fd846b9	data/before_cvpipelining/triton.language.atomic_or.ttadapter/before_cvpipelining_func_func_atomic_or_32.mlir
triton.language.atomic_xchg.ttadapter	complete	fail:1	1	d8978f6a4fde2c673d337142593b390640c522ef0171af3e468575c48faee5ae	c2149795601874225a9f9feb6f699ce1ad9117f3c810b3e37500f29c7fd846b9	data/before_cvpipelining/triton.language.atomic_xchg.ttadapter/before_cvpipelining_func_func_atomic_xchg_32.mlir
triton.language.atomic_xor.ttadapter	complete	fail:1	1	06a71c0ad208d51a83eb28d7411de840f99e7215cbc371f6eb2e1878d5634b03	c2149795601874225a9f9feb6f699ce1ad9117f3c810b3e37500f29c7fd846b9	data/before_cvpipelining/triton.language.atomic_xor.ttadapter/before_cvpipelining_func_func_atomic_xor_32.mlir
triton.language.broadcast_to.ttadapter	complete	fail:1	1	f864da603f40c18fb73b10bec73ff2c4766822857104bd65f2ad274a82cd77bc	c2149795601874225a9f9feb6f699ce1ad9117f3c810b3e37500f29c7fd846b9	data/before_cvpipelining/triton.language.broadcast_to.ttadapter/before_cvpipelining_func_func_matrix_add_bias_kernel_32.mlir
triton.language.cast.ttadapter	complete	fail:1	1	e30e2f7b44f124e741665b8989bbe09b3c5ec2c3893b253b8b2178e9ddecf71e	c2149795601874225a9f9feb6f699ce1ad9117f3c810b3e37500f29c7fd846b9	data/before_cvpipelining/triton.language.cast.ttadapter/before_cvpipelining_func_func_cast_example_kernel_32.mlir
triton.language.cat.ttadapter	complete	fail:1	1	44a99779aa6518f4ba921365e6c039952d1038a3e9f8c95721306ac18fb2fb63	c2149795601874225a9f9feb6f699ce1ad9117f3c810b3e37500f29c7fd846b9	data/before_cvpipelining/triton.language.cat.ttadapter/before_cvpipelining_func_func_cat_1d_kernel_32.mlir
triton.language.cdiv.ttadapter	complete	fail:1	1	4d768fc1639696ec6d6339e81132e08cee44a6f1fbc0accf1ebf21f2ffc0332f	c2149795601874225a9f9feb6f699ce1ad9117f3c810b3e37500f29c7fd846b9	data/before_cvpipelining/triton.language.cdiv.ttadapter/before_cvpipelining_func_func_cdiv_kernel_32.mlir
triton.language.ceil.ttadapter	complete	fail:1	1	5475de588c49a84fbc487848735dc316e590cd99f377fd0f4ce28d82c20efe2f	c2149795601874225a9f9feb6f699ce1ad9117f3c810b3e37500f29c7fd846b9	data/before_cvpipelining/triton.language.ceil.ttadapter/before_cvpipelining_func_func_ceil_kernel_32.mlir
triton.language.clamp.ttadapter	complete	fail:1	1	5eabc9328c1fcfda0220ac5b5814eee70095cfb4ab91832989226ebaa970157a	c2149795601874225a9f9feb6f699ce1ad9117f3c810b3e37500f29c7fd846b9	data/before_cvpipelining/triton.language.clamp.ttadapter/before_cvpipelining_func_func_tt_clamp_2d_32.mlir
triton.language.cos.ttadapter	complete	fail:1	1	e81bb104572a7632817ac71f2dfc41a296d8c364ba9ba1feb7d79e1f7d07e42a	c2149795601874225a9f9feb6f699ce1ad9117f3c810b3e37500f29c7fd846b9	data/before_cvpipelining/triton.language.cos.ttadapter/before_cvpipelining_func_func_cos_kernel_32.mlir
triton.language.cumprod.ttadapter	complete	fail:1	1	2056524a11026acda9520e67dad0493df10a879a651c19a7d45d0431eef7facc	c2149795601874225a9f9feb6f699ce1ad9117f3c810b3e37500f29c7fd846b9	data/before_cvpipelining/triton.language.cumprod.ttadapter/before_cvpipelining_func_func_cumprod_2d_kernel_32.mlir
triton.language.cumsum.ttadapter	complete	fail:1	1	8ecb2fbe439cf2c5a1a4c27ed7dfadd71c3c92ced792690a148ad89bd81c9bdb	c2149795601874225a9f9feb6f699ce1ad9117f3c810b3e37500f29c7fd846b9	data/before_cvpipelining/triton.language.cumsum.ttadapter/before_cvpipelining_func_func_cumsum_2d_kernel_32.mlir
triton.language.debug_barrier.ttadapter	complete	fail:1	1	108f7aee83caf577bb12412da72af2984c201b824215ee8dcac81762e85f728e	c2149795601874225a9f9feb6f699ce1ad9117f3c810b3e37500f29c7fd846b9	data/before_cvpipelining/triton.language.debug_barrier.ttadapter/before_cvpipelining_func_func_debug_barrier_kernel_32.mlir
triton.language.device_assert.ttadapter	complete	fail:1	1	014058298b6978ee13514fd0f55b7672690e2de159261b9d9e87304ec460a77f	c2149795601874225a9f9feb6f699ce1ad9117f3c810b3e37500f29c7fd846b9	data/before_cvpipelining/triton.language.device_assert.ttadapter/before_cvpipelining_func_func_device_assert_kernel_32.mlir
triton.language.device_print.ttadapter	complete	fail:1	1	d806f58b58f718d52adb05d092f0df8303913cdaff944fa1814db1f41438a68d	c2149795601874225a9f9feb6f699ce1ad9117f3c810b3e37500f29c7fd846b9	data/before_cvpipelining/triton.language.device_print.ttadapter/before_cvpipelining_func_func_device_print_kernel_32.mlir
triton.language.div_rn.ttadapter	complete	fail:1	1	745343b20e45146f1882d9a21ea21d66e4b24e0cb84c59bdf96246bf7a1dddc1	c2149795601874225a9f9feb6f699ce1ad9117f3c810b3e37500f29c7fd846b9	data/before_cvpipelining/triton.language.div_rn.ttadapter/before_cvpipelining_func_func_div_rn_kernel_32.mlir
triton.language.dot.ttadapter	complete	fail:1	1	68510818c1dfc289a6447ba0a35ecb3ff110ce407d39472c4268965d2e2dbff5	c2149795601874225a9f9feb6f699ce1ad9117f3c810b3e37500f29c7fd846b9	data/before_cvpipelining/triton.language.dot.ttadapter/before_cvpipelining_func_func_matmul_kernel_32.mlir
triton.language.dot_scaled.ttadapter	complete	fail:1	1	8736d3bf5822f41a849a99a8fb764685180581d39d0d2551c7e969ea49727957	c2149795601874225a9f9feb6f699ce1ad9117f3c810b3e37500f29c7fd846b9	data/before_cvpipelining/triton.language.dot_scaled.ttadapter/before_cvpipelining_func_func_dot_scale_kernel_32.mlir
triton.language.eq.ttadapter	complete	fail:1	1	cc598ebff832643627814f4c32cfd4e608cdc8bcfad2fa6e901b7a628407ad70	c2149795601874225a9f9feb6f699ce1ad9117f3c810b3e37500f29c7fd846b9	data/before_cvpipelining/triton.language.eq.ttadapter/before_cvpipelining_func_func_triton_eq_32.mlir
triton.language.erf.ttadapter	complete	fail:1	1	e5a1c37bfc939c9e06a1bfd06e9e230f585beff1454cf0df9ead3c6a51f2d1f4	c2149795601874225a9f9feb6f699ce1ad9117f3c810b3e37500f29c7fd846b9	data/before_cvpipelining/triton.language.erf.ttadapter/before_cvpipelining_func_func_erf_kernel_32.mlir
triton.language.exp.ttadapter	complete	fail:1	1	3d7b845e4cd981a64850e2243bcfb8a1d775977c5c5d7d357f1d4a63934120c3	c2149795601874225a9f9feb6f699ce1ad9117f3c810b3e37500f29c7fd846b9	data/before_cvpipelining/triton.language.exp.ttadapter/before_cvpipelining_func_func_exp_kernel_32.mlir
triton.language.exp2.ttadapter	complete	fail:1	1	06412207bd741b5249a90a08a58b51a0f6f5a81956ca017937d44b03dd31c572	c2149795601874225a9f9feb6f699ce1ad9117f3c810b3e37500f29c7fd846b9	data/before_cvpipelining/triton.language.exp2.ttadapter/before_cvpipelining_func_func_exp2_kernel_32.mlir
triton.language.expand_dims.ttadapter	complete	fail:1	1	7adc2697995c4b32c1b80d098a0dca0a445000d21b6b4900a221c7a5c0563b52	c2149795601874225a9f9feb6f699ce1ad9117f3c810b3e37500f29c7fd846b9	data/before_cvpipelining/triton.language.expand_dims.ttadapter/before_cvpipelining_func_func_expand_dims_kernel_32.mlir
triton.language.extra.cann.extension.extract_slice.ttadapter	complete	fail:1	1	2a24bf9c73badd3ec54d4c323d4ec36b6dff0d9bf24fb89720687dc1d28482dc	c2149795601874225a9f9feb6f699ce1ad9117f3c810b3e37500f29c7fd846b9	data/before_cvpipelining/triton.language.extra.cann.extension.extract_slice.ttadapter/before_cvpipelining_func_func_triton_kernel_32.mlir
triton.language.extra.cann.extension.gather_out_to_ub.ttadapter	failed	fail:1	0	a2b6c268c93c2cc08f9380ef0d77fe97a0a6ea7e87f11e8c060ac8c4f59ec9dc	c2149795601874225a9f9feb6f699ce1ad9117f3c810b3e37500f29c7fd846b9	
triton.language.extra.cann.extension.get_element.ttadapter	complete	fail:1	1	2e6e3e3fbafbcaf4948bb60f13e1d5b40527b12c0f15f469a7e35fa2f0c136fd	c2149795601874225a9f9feb6f699ce1ad9117f3c810b3e37500f29c7fd846b9	data/before_cvpipelining/triton.language.extra.cann.extension.get_element.ttadapter/before_cvpipelining_func_func_get_element_test_kernel_32.mlir
triton.language.extra.cann.extension.index_put.ttadapter	failed	fail:1	0	301ecdc25b2e81a0172220762b19f3841f4b1b3c46330b78ba5ba03d88d3e549	c2149795601874225a9f9feb6f699ce1ad9117f3c810b3e37500f29c7fd846b9	
triton.language.extra.cann.extension.insert_slice.ttadapter	complete	fail:1	1	86cebdd3edca87e32c3a05c71b69fc8f0aa493801c3b8ce03b423f1633318a42	c2149795601874225a9f9feb6f699ce1ad9117f3c810b3e37500f29c7fd846b9	data/before_cvpipelining/triton.language.extra.cann.extension.insert_slice.ttadapter/before_cvpipelining_func_func_triton_kernel_32.mlir
triton.language.extra.cann.extension.parallel.ttadapter	complete	fail:1	1	dc45f8b53dfd444603f6759510fcf8b28126d27115a5621f0a379a3192d1236a	c2149795601874225a9f9feb6f699ce1ad9117f3c810b3e37500f29c7fd846b9	data/before_cvpipelining/triton.language.extra.cann.extension.parallel.ttadapter/before_cvpipelining_func_func_parallel_kernel_32.mlir
triton.language.extra.cann.extension.scatter_ub_to_out.ttadapter	failed	fail:1	0	c34c24c3afe352f596ea1e7cb50121a89d259d5da28021943179c6ec095a83d3	c2149795601874225a9f9feb6f699ce1ad9117f3c810b3e37500f29c7fd846b9	
triton.language.extra.cann.extension.sort.ttadapter	complete	fail:1	1	f92c8d026b5abf14b1ad8cdf374698938f89140d9068bc8cbeedc571fd8144f9	c2149795601874225a9f9feb6f699ce1ad9117f3c810b3e37500f29c7fd846b9	data/before_cvpipelining/triton.language.extra.cann.extension.sort.ttadapter/before_cvpipelining_func_func_sort_kernel_2d_32.mlir
triton.language.extra.cann.extension.sync_block_all.ttadapter	complete	fail:1	1	18e5f0ceb7c5ff6c820f28dd44dab18432eaf1c2100ef2fb70f97affe6a256e8	c2149795601874225a9f9feb6f699ce1ad9117f3c810b3e37500f29c7fd846b9	data/before_cvpipelining/triton.language.extra.cann.extension.sync_block_all.ttadapter/before_cvpipelining_func_func_test_sync_block_all_32.mlir
triton.language.fdiv.ttadapter	complete	fail:1	1	62276f26cb9072231b99907f255155ae477536e4a3da3cd1ae59ba952542463b	c2149795601874225a9f9feb6f699ce1ad9117f3c810b3e37500f29c7fd846b9	data/before_cvpipelining/triton.language.fdiv.ttadapter/before_cvpipelining_func_func_fdiv_kernel_32.mlir
triton.language.flip.ttadapter	complete	fail:1	1	1fbe5480235d676b8573f77be9358e48cc985501bbd58dbc3ef0d7421c77621f	c2149795601874225a9f9feb6f699ce1ad9117f3c810b3e37500f29c7fd846b9	data/before_cvpipelining/triton.language.flip.ttadapter/before_cvpipelining_func_func_flip_kernel_32.mlir
triton.language.floor.ttadapter	complete	fail:1	1	09347e1d506c9788196c8264f0cff2893d02631c13f19827bc365b11c84e06fb	c2149795601874225a9f9feb6f699ce1ad9117f3c810b3e37500f29c7fd846b9	data/before_cvpipelining/triton.language.floor.ttadapter/before_cvpipelining_func_func_floor_kernel_32.mlir
triton.language.fma.ttadapter	complete	fail:1	1	9e2d48caff5dcdb34774cabd611a35e4e48e38397e0ac34e3d31b34a0820821d	c2149795601874225a9f9feb6f699ce1ad9117f3c810b3e37500f29c7fd846b9	data/before_cvpipelining/triton.language.fma.ttadapter/before_cvpipelining_func_func_fn_npu__32.mlir
triton.language.full.ttadapter	complete	fail:1	1	fbedfc54aab605bc710daa3e308a37075af26b563b31ab2676b8e97fa46236d8	c2149795601874225a9f9feb6f699ce1ad9117f3c810b3e37500f29c7fd846b9	data/before_cvpipelining/triton.language.full.ttadapter/before_cvpipelining_func_func_full_2d_kernel_32.mlir
triton.language.gather.ttadapter	complete	fail:1	1	9cff07af61e5be96a206e7d80ad25996f7408c282b59f1b71873dfa7a05b70c5	c2149795601874225a9f9feb6f699ce1ad9117f3c810b3e37500f29c7fd846b9	data/before_cvpipelining/triton.language.gather.ttadapter/before_cvpipelining_func_func_kernel_32.mlir
triton.language.ge.ttadapter	complete	fail:1	1	5b1b26c6d09b372ca3f33c4d91895965cd779b8fa9cd9eb306565201448a163d	c2149795601874225a9f9feb6f699ce1ad9117f3c810b3e37500f29c7fd846b9	data/before_cvpipelining/triton.language.ge.ttadapter/before_cvpipelining_func_func_triton_ge_3d_32.mlir
triton.language.gt.ttadapter	complete	fail:1	1	8c451c6ae1639e2b85591c52b4720f41e12e4c06a6eb0ef7c24c6037a266bb84	c2149795601874225a9f9feb6f699ce1ad9117f3c810b3e37500f29c7fd846b9	data/before_cvpipelining/triton.language.gt.ttadapter/before_cvpipelining_func_func_triton_gt_3d_32.mlir
triton.language.histogram.ttadapter	complete	fail:1	1	5137b2f8588ae809dcccc029e7cf01e441756a9bcec3060b85b21ee48faffa2d	c2149795601874225a9f9feb6f699ce1ad9117f3c810b3e37500f29c7fd846b9	data/before_cvpipelining/triton.language.histogram.ttadapter/before_cvpipelining_func_func_histogram_kernel_32.mlir
triton.language.index_select_simd.ttadapter	complete	fail:1	1	3228adae889c9e7a3f5ce43979b898c8fc9c6797707edd6dfac2f549bfb1f493	c2149795601874225a9f9feb6f699ce1ad9117f3c810b3e37500f29c7fd846b9	data/before_cvpipelining/triton.language.index_select_simd.ttadapter/before_cvpipelining_func_func_embedding_kernel_32.mlir
triton.language.inline_asm_elementwise.ttadapter	complete	fail:1	1	bee95c7fb020ea243d4f6dbaef70cb2d5bf749adf457666243a6cf262738eb41	c2149795601874225a9f9feb6f699ce1ad9117f3c810b3e37500f29c7fd846b9	data/before_cvpipelining/triton.language.inline_asm_elementwise.ttadapter/before_cvpipelining_func_func_inline_asm_add_kernel_32.mlir
triton.language.interleave.ttadapter	complete	fail:1	1	e9b428ec2df27cd7a3aa298911ddffa9e4b2435b031479b974475876608c5339	c2149795601874225a9f9feb6f699ce1ad9117f3c810b3e37500f29c7fd846b9	data/before_cvpipelining/triton.language.interleave.ttadapter/before_cvpipelining_func_func_interleave_2d_kernel_32.mlir
triton.language.invert.ttadapter	complete	fail:1	1	4784185a026459e4636ccbf2d1ee72babf61aa00f1158816043baae02232e984	c2149795601874225a9f9feb6f699ce1ad9117f3c810b3e37500f29c7fd846b9	data/before_cvpipelining/triton.language.invert.ttadapter/before_cvpipelining_func_func_triton_neg_32.mlir
triton.language.join.ttadapter	complete	fail:1	1	37dbe2678747707e02b5ce086c0d8307d0ba29af7a34d12c7902e5b9069f62c5	c2149795601874225a9f9feb6f699ce1ad9117f3c810b3e37500f29c7fd846b9	data/before_cvpipelining/triton.language.join.ttadapter/before_cvpipelining_func_func_join_2d_kernel_32.mlir
triton.language.le.ttadapter	complete	fail:1	1	01a7e5aacf1ab351a88bad005028c418b2ac5528084d7d859b9ec61034b063a3	c2149795601874225a9f9feb6f699ce1ad9117f3c810b3e37500f29c7fd846b9	data/before_cvpipelining/triton.language.le.ttadapter/before_cvpipelining_func_func_triton_le_3d_32.mlir
triton.language.load.ttadapter	complete	fail:1	1	658d4bb21d8b3ee0e7aa8ddeffa5b64502dcac9fc1988336d0e9d166de08dba4	c2149795601874225a9f9feb6f699ce1ad9117f3c810b3e37500f29c7fd846b9	data/before_cvpipelining/triton.language.load.ttadapter/before_cvpipelining_func_func_kernel_32.mlir
triton.language.load_tensor_descriptor.ttadapter	complete	fail:1	1	40c37f12d3adc1f8b617f6ecd73c19c652dfe86f255e5951178318a34fb484ff	c2149795601874225a9f9feb6f699ce1ad9117f3c810b3e37500f29c7fd846b9	data/before_cvpipelining/triton.language.load_tensor_descriptor.ttadapter/before_cvpipelining_func_func_inplace_abs_32.mlir
triton.language.log.ttadapter	complete	fail:1	1	2313fe14d13ebeea59b2fcb3ff30ee1bad3d2acba29568a240902a9f804bd339	c2149795601874225a9f9feb6f699ce1ad9117f3c810b3e37500f29c7fd846b9	data/before_cvpipelining/triton.language.log.ttadapter/before_cvpipelining_func_func_log_kernel_32.mlir
triton.language.log2.ttadapter	complete	fail:1	1	7a040fe0fdb4963014b9b821c86b1de8691a7ce601fec6a0953294638cb39676	c2149795601874225a9f9feb6f699ce1ad9117f3c810b3e37500f29c7fd846b9	data/before_cvpipelining/triton.language.log2.ttadapter/before_cvpipelining_func_func_log2_kernel_32.mlir
triton.language.logical_and.ttadapter	complete	fail:1	1	29b5771229ce346949d899a1c218a9ee2aa88859bf7a3e941ccce36b869ec7d4	c2149795601874225a9f9feb6f699ce1ad9117f3c810b3e37500f29c7fd846b9	data/before_cvpipelining/triton.language.logical_and.ttadapter/before_cvpipelining_func_func_triton_logical_and_3d_32.mlir
triton.language.logical_or.ttadapter	complete	fail:1	1	b860e35126765ef46f1392bd6f53e706b1decc80405fde92e804ef5cefabd0ad	c2149795601874225a9f9feb6f699ce1ad9117f3c810b3e37500f29c7fd846b9	data/before_cvpipelining/triton.language.logical_or.ttadapter/before_cvpipelining_func_func_triton_logical_or_3d_32.mlir
triton.language.lshift.ttadapter	complete	fail:1	1	2b43cf7b724aa160489160207621cccef95096bf7b614f62cf61671757e06b59	c2149795601874225a9f9feb6f699ce1ad9117f3c810b3e37500f29c7fd846b9	data/before_cvpipelining/triton.language.lshift.ttadapter/before_cvpipelining_func_func_triton_elementwise_unary_32.mlir
triton.language.lt.ttadapter	complete	fail:1	1	433adcd682bda33c749c52e4eddb17e03bb72c90ac91300bfac5865a328bc919	c2149795601874225a9f9feb6f699ce1ad9117f3c810b3e37500f29c7fd846b9	data/before_cvpipelining/triton.language.lt.ttadapter/before_cvpipelining_func_func_triton_lt_3d_32.mlir
triton.language.make_block_ptr.ttadapter	complete	fail:1	1	241cb6ad0f5a84117f4eb11a5ea8625509b701194274f2bfb4a7a2f32e3fa490	c2149795601874225a9f9feb6f699ce1ad9117f3c810b3e37500f29c7fd846b9	data/before_cvpipelining/triton.language.make_block_ptr.ttadapter/before_cvpipelining_func_func_kernel_32.mlir
triton.language.make_tensor_descriptor.ttadapter	complete	fail:1	1	73d66afc84c446894bdc7f3724fad5c6c7cee9e11052d8e81763eb5435ee7f02	c2149795601874225a9f9feb6f699ce1ad9117f3c810b3e37500f29c7fd846b9	data/before_cvpipelining/triton.language.make_tensor_descriptor.ttadapter/before_cvpipelining_func_func_inplace_abs_32.mlir
triton.language.max.ttadapter	complete	fail:1	1	1629d443088a2afcae23dcc280faadd827188b7632f4464a476df2a6c6ff7f4d	c2149795601874225a9f9feb6f699ce1ad9117f3c810b3e37500f29c7fd846b9	data/before_cvpipelining/triton.language.max.ttadapter/before_cvpipelining_func_func_triton_max_2d_32.mlir
triton.language.max_constancy.ttadapter	complete	fail:1	1	3b3e33c5bc79f3743f55d437a72bad9001ce5fb99728343a487f3883b301ac48	c2149795601874225a9f9feb6f699ce1ad9117f3c810b3e37500f29c7fd846b9	data/before_cvpipelining/triton.language.max_constancy.ttadapter/before_cvpipelining_func_func_max_constancy_kernel_32.mlir
triton.language.max_contiguous.ttadapter	complete	fail:1	1	90998b8888f8d921e03259700e202167ea9bc7651f1a00d61bb32a1fe2692acf	c2149795601874225a9f9feb6f699ce1ad9117f3c810b3e37500f29c7fd846b9	data/before_cvpipelining/triton.language.max_contiguous.ttadapter/before_cvpipelining_func_func_max_contiguous_kernel_32.mlir
triton.language.min.ttadapter	complete	fail:1	1	aeafd018163290f4ea965af44c4cb3af6d9d1a287948f3d1c2ae5264f71cf645	c2149795601874225a9f9feb6f699ce1ad9117f3c810b3e37500f29c7fd846b9	data/before_cvpipelining/triton.language.min.ttadapter/before_cvpipelining_func_func_triton_min_2d_32.mlir
triton.language.multiple_of.ttadapter	complete	fail:1	1	be236e172c0af50c56222f6b9802e9db534173359e8b32a10b274bbe87263ad5	c2149795601874225a9f9feb6f699ce1ad9117f3c810b3e37500f29c7fd846b9	data/before_cvpipelining/triton.language.multiple_of.ttadapter/before_cvpipelining_func_func_multiple_of_kernel_32.mlir
triton.language.ne.ttadapter	complete	fail:1	1	a4be825a21ed789dcc9b60870db9df07a8deaba6c3914540dce939542255fdde	c2149795601874225a9f9feb6f699ce1ad9117f3c810b3e37500f29c7fd846b9	data/before_cvpipelining/triton.language.ne.ttadapter/before_cvpipelining_func_func_triton_ne_32.mlir
triton.language.neg.ttadapter	complete	fail:1	1	1aef9a8b9ce428810b5ce2fee9af6455750bc5f84ee4b8f44b1cb3da572250d5	c2149795601874225a9f9feb6f699ce1ad9117f3c810b3e37500f29c7fd846b9	data/before_cvpipelining/triton.language.neg.ttadapter/before_cvpipelining_func_func_triton_neg_32.mlir
triton.language.not.ttadapter	complete	fail:1	1	63efa6064adeab0adebb13c5db4eb457a4958c6d00cb85239e5532b77631c1f4	c2149795601874225a9f9feb6f699ce1ad9117f3c810b3e37500f29c7fd846b9	data/before_cvpipelining/triton.language.not.ttadapter/before_cvpipelining_func_func_triton_not_32.mlir
triton.language.or.ttadapter	complete	fail:1	1	0e8b8e48f8d57aaf3120b190a6ba9ad63192f1f6442aeb6cc510fe0aad412dfb	c2149795601874225a9f9feb6f699ce1ad9117f3c810b3e37500f29c7fd846b9	data/before_cvpipelining/triton.language.or.ttadapter/before_cvpipelining_func_func_fn_npu__32.mlir
triton.language.permute.ttadapter	complete	fail:1	1	919a3f91c01483f123695b89e8f141789ab13a8952cbe001b2d983bfbe515898	c2149795601874225a9f9feb6f699ce1ad9117f3c810b3e37500f29c7fd846b9	data/before_cvpipelining/triton.language.permute.ttadapter/before_cvpipelining_func_func_permute_3d_kernel_32.mlir
triton.language.rand.ttadapter	complete	fail:1	1	10d5829432b2a96279c693fd57b0461e7935be6c129189ddf6ef64580bd25e2b	c2149795601874225a9f9feb6f699ce1ad9117f3c810b3e37500f29c7fd846b9	data/before_cvpipelining/triton.language.rand.ttadapter/before_cvpipelining_func_func_kernel_rand_32.mlir
triton.language.randint.ttadapter	complete	fail:1	1	af7e1f2800d6d436633baaf03c56674f8c3c296a08374b6587273a5070122ca3	c2149795601874225a9f9feb6f699ce1ad9117f3c810b3e37500f29c7fd846b9	data/before_cvpipelining/triton.language.randint.ttadapter/before_cvpipelining_func_func_kernel_randint_32.mlir
triton.language.randn.ttadapter	complete	fail:1	1	8df5349a11cacfb33b349eee59d34ecaa6dfe38c2bb3685bdfa8b880fdfdde24	c2149795601874225a9f9feb6f699ce1ad9117f3c810b3e37500f29c7fd846b9	data/before_cvpipelining/triton.language.randn.ttadapter/before_cvpipelining_func_func_kernel_randn_32.mlir
triton.language.range.ttadapter	complete	fail:1	1	1194f80db5fbfec75b3e85ad073c77c7db208cf04a34af7189686d5d71669443	c2149795601874225a9f9feb6f699ce1ad9117f3c810b3e37500f29c7fd846b9	data/before_cvpipelining/triton.language.range.ttadapter/before_cvpipelining_func_func_range_kernel_32.mlir
triton.language.ravel.ttadapter	complete	fail:1	1	192d8ac543dcec3f5a565a551d392ab7fdcf9e26d220d61598c504188fafbcd0	c2149795601874225a9f9feb6f699ce1ad9117f3c810b3e37500f29c7fd846b9	data/before_cvpipelining/triton.language.ravel.ttadapter/before_cvpipelining_func_func_flatten_kernel_32.mlir
triton.language.reduce.ttadapter	complete	fail:1	1	b98fd9995b209d064134ad940d0e33ef48531adac227a56014cd1537aebacd76	c2149795601874225a9f9feb6f699ce1ad9117f3c810b3e37500f29c7fd846b9	data/before_cvpipelining/triton.language.reduce.ttadapter/before_cvpipelining_func_func_tt_reduce_2d_32.mlir
triton.language.reshape.ttadapter	complete	fail:1	1	df177607c2a49de1da0b8cc14fdedc92c3f25b5f39cded7565a15538ae02c1fa	c2149795601874225a9f9feb6f699ce1ad9117f3c810b3e37500f29c7fd846b9	data/before_cvpipelining/triton.language.reshape.ttadapter/before_cvpipelining_func_func_reshape_kernel_32.mlir
triton.language.rshift.ttadapter	complete	fail:1	1	e57eed3a739076a2541d0589aa27b482bd141d1569a44ea7d7576031f6cc8993	c2149795601874225a9f9feb6f699ce1ad9117f3c810b3e37500f29c7fd846b9	data/before_cvpipelining/triton.language.rshift.ttadapter/before_cvpipelining_func_func_triton_elementwise_unary_32.mlir
triton.language.rsqrt.ttadapter	complete	fail:1	1	545b173f340ec23bd7f63d553ffbb2910296a37cf0586c7ae24c239e653e83d1	c2149795601874225a9f9feb6f699ce1ad9117f3c810b3e37500f29c7fd846b9	data/before_cvpipelining/triton.language.rsqrt.ttadapter/before_cvpipelining_func_func_triton_rsqrt_32.mlir
triton.language.sigmoid.ttadapter	complete	fail:1	1	6b662722f4a5f1c7be1ba646c0ce16251edb22fbb5b0c95429a1aed324d9f24f	c2149795601874225a9f9feb6f699ce1ad9117f3c810b3e37500f29c7fd846b9	data/before_cvpipelining/triton.language.sigmoid.ttadapter/before_cvpipelining_func_func_triton_sigmoid_32.mlir
triton.language.sin.ttadapter	complete	fail:1	1	3175d6bed789a717a31588d4cb5606cd53c8ba2d184e3f860e62ddfc5af02d2b	c2149795601874225a9f9feb6f699ce1ad9117f3c810b3e37500f29c7fd846b9	data/before_cvpipelining/triton.language.sin.ttadapter/before_cvpipelining_func_func_triton_sin_32.mlir
triton.language.softmax.ttadapter	complete	fail:1	1	a6301b02e325ac3155be4eef808ecde7040be4b806bc9557114fae4112e80ff5	c2149795601874225a9f9feb6f699ce1ad9117f3c810b3e37500f29c7fd846b9	data/before_cvpipelining/triton.language.softmax.ttadapter/before_cvpipelining_func_func_triton_softmax_2d_32.mlir
triton.language.sort.ttadapter	complete	fail:1	1	b1eef265e5ebb808836e3e97b7cd974f8258a91ddd4fdb11b03fe4445b8d03cb	c2149795601874225a9f9feb6f699ce1ad9117f3c810b3e37500f29c7fd846b9	data/before_cvpipelining/triton.language.sort.ttadapter/before_cvpipelining_func_func_sort_kernel_1d_32.mlir
triton.language.split.ttadapter	complete	fail:1	1	506740151766efeedbbf8ad330d79b6d2993a9b20828b10d6bc13ce8ca787bc8	c2149795601874225a9f9feb6f699ce1ad9117f3c810b3e37500f29c7fd846b9	data/before_cvpipelining/triton.language.split.ttadapter/before_cvpipelining_func_func_split_kernel_32.mlir
triton.language.sqrt.ttadapter	complete	fail:1	1	a3a68edc5b9aa3f132d933e77f154a9121d6e3b32d6070f0db210d72a7719e9f	c2149795601874225a9f9feb6f699ce1ad9117f3c810b3e37500f29c7fd846b9	data/before_cvpipelining/triton.language.sqrt.ttadapter/before_cvpipelining_func_func_triton_sqrt_32.mlir
triton.language.sqrt_rn.ttadapter	complete	fail:1	1	3baf7439e56ca052b8b0b0f9928c675224780c2e84a921f72ef48affb62321bd	c2149795601874225a9f9feb6f699ce1ad9117f3c810b3e37500f29c7fd846b9	data/before_cvpipelining/triton.language.sqrt_rn.ttadapter/before_cvpipelining_func_func_triton_sqrt_rn_32.mlir
triton.language.static_assert.ttadapter	complete	fail:1	1	9ed8dc6fc1ffcff2ec02794dbc5fe972930050a16c7fdeadb739fb5a90de394c	c2149795601874225a9f9feb6f699ce1ad9117f3c810b3e37500f29c7fd846b9	data/before_cvpipelining/triton.language.static_assert.ttadapter/before_cvpipelining_func_func_static_assert_kernel_32.mlir
triton.language.static_print.ttadapter	complete	fail:1	1	cb8e843615225973d1490064ae75bd6ade68244589cd102b9e15bcf6fe67c69f	c2149795601874225a9f9feb6f699ce1ad9117f3c810b3e37500f29c7fd846b9	data/before_cvpipelining/triton.language.static_print.ttadapter/before_cvpipelining_func_func_static_print_kernel_32.mlir
triton.language.static_range.ttadapter	complete	fail:1	1	936ce42e40572c7fcfc545719c1ab2e74bbe8e1e964de5edfdc7ae23dbc67a3f	c2149795601874225a9f9feb6f699ce1ad9117f3c810b3e37500f29c7fd846b9	data/before_cvpipelining/triton.language.static_range.ttadapter/before_cvpipelining_func_func_static_range_kernel_32.mlir
triton.language.store.ttadapter	complete	fail:1	1	78d63aa758ff5c8743fd44f6ce916a7cf787473fb798068bc3324907502cad6a	c2149795601874225a9f9feb6f699ce1ad9117f3c810b3e37500f29c7fd846b9	data/before_cvpipelining/triton.language.store.ttadapter/before_cvpipelining_func_func_kernel_32.mlir
triton.language.store_tensor_descriptor.ttadapter	complete	fail:1	1	5a0eba258a1d145cf84fbd9934c4ee539c36a186f49771bfe52e32f7a5c21d6d	c2149795601874225a9f9feb6f699ce1ad9117f3c810b3e37500f29c7fd846b9	data/before_cvpipelining/triton.language.store_tensor_descriptor.ttadapter/before_cvpipelining_func_func_inplace_abs_32.mlir
triton.language.sum.ttadapter	complete	fail:1	1	89b445830e5b720229275ad199e6d5bd9ab846c0e8e68aa9e62b54de631831a4	c2149795601874225a9f9feb6f699ce1ad9117f3c810b3e37500f29c7fd846b9	data/before_cvpipelining/triton.language.sum.ttadapter/before_cvpipelining_func_func_tt_sum_2d_32.mlir
triton.language.swizzle2d.ttadapter	complete	fail:1	1	9bb5ea4a68de9a2005f15f5b413d22654169bc975191472ad253f20fb4d56da6	c2149795601874225a9f9feb6f699ce1ad9117f3c810b3e37500f29c7fd846b9	data/before_cvpipelining/triton.language.swizzle2d.ttadapter/before_cvpipelining_func_func_fn_npu__32.mlir
triton.language.topk.ttadapter	complete	fail:1	1	83cd223825841cc876638fe96a7b068439dc209bfdc9a744da9ca0f68b3bee23	c2149795601874225a9f9feb6f699ce1ad9117f3c810b3e37500f29c7fd846b9	data/before_cvpipelining/triton.language.topk.ttadapter/before_cvpipelining_func_func_topk_kernel_2d_32.mlir
triton.language.trans.ttadapter	complete	fail:1	1	733a81cd73f454fdeb1743ad8e6c8fafe21932fab458390c448859f1716292d3	c2149795601874225a9f9feb6f699ce1ad9117f3c810b3e37500f29c7fd846b9	data/before_cvpipelining/triton.language.trans.ttadapter/before_cvpipelining_func_func_trans_kernel_32.mlir
triton.language.umulhi.ttadapter	complete	fail:1	1	318d12b571eac217b7e23990a10cff436420c36fc8625d977a56f805aa190457	c2149795601874225a9f9feb6f699ce1ad9117f3c810b3e37500f29c7fd846b9	data/before_cvpipelining/triton.language.umulhi.ttadapter/before_cvpipelining_func_func_umulhi_kernel_32.mlir
triton.language.view.ttadapter	complete	fail:1	1	4dae51d4ee1162b31dd21173591a8897a9e748d4ea34a9748ba80c2127daaca8	c2149795601874225a9f9feb6f699ce1ad9117f3c810b3e37500f29c7fd846b9	data/before_cvpipelining/triton.language.view.ttadapter/before_cvpipelining_func_func_view_kernel_32.mlir
triton.language.where.ttadapter	complete	fail:1	1	6649a1752eee6f84928fa39b6551a52e24e4b4f95038e155d8eb127e3ad1927d	c2149795601874225a9f9feb6f699ce1ad9117f3c810b3e37500f29c7fd846b9	data/before_cvpipelining/triton.language.where.ttadapter/before_cvpipelining_func_func_fn_npu__32.mlir
triton.language.xor.ttadapter	complete	fail:1	1	2915579254086a475f55c4ed92513829a7b321b31d91a089bb46e37904db8707	c2149795601874225a9f9feb6f699ce1ad9117f3c810b3e37500f29c7fd846b9	data/before_cvpipelining/triton.language.xor.ttadapter/before_cvpipelining_func_func_fn_npu__32.mlir
triton.language.xor_sum.ttadapter	complete	fail:1	1	9647abb72ef7e38a6ac23762008efc912f6ed7bd0264547b4cb15a69711dcdd6	c2149795601874225a9f9feb6f699ce1ad9117f3c810b3e37500f29c7fd846b9	data/before_cvpipelining/triton.language.xor_sum.ttadapter/before_cvpipelining_func_func_triton_xorsum_2d_32.mlir
triton.language.zeros.ttadapter	complete	fail:1	1	26ebaf47c7fcf2de2cf116062f880e62e5dff74c1a01d36cde8715640c531229	c2149795601874225a9f9feb6f699ce1ad9117f3c810b3e37500f29c7fd846b9	data/before_cvpipelining/triton.language.zeros.ttadapter/before_cvpipelining_func_func_zeros_2d_kernel_32.mlir
triton.language.zeros_like.ttadapter	complete	fail:1	1	3898b05b4dc06070a8061f5b3ac4e9e878d4408a32669ab04cce92c0f67bdc2d	c2149795601874225a9f9feb6f699ce1ad9117f3c810b3e37500f29c7fd846b9	data/before_cvpipelining/triton.language.zeros_like.ttadapter/before_cvpipelining_func_func_zeros_like_2d_kernel_32.mlir
triton_hivm_launch_smoke.ttadapter	complete	fail:1	1	d3f3725b74804667f5467500987d6d8a4461411faee244421ed158f333b0c67e	c2149795601874225a9f9feb6f699ce1ad9117f3c810b3e37500f29c7fd846b9	data/before_cvpipelining/triton_hivm_launch_smoke.ttadapter/before_cvpipelining_func_func_add_kernel_32.mlir
triton_smoke.ttadapter	complete	fail:1	1	8b898ac666fd8884cd540e9ba9a306a89f86aa9559cf9abe64acb5a9b4580dd0	c2149795601874225a9f9feb6f699ce1ad9117f3c810b3e37500f29c7fd846b9	data/before_cvpipelining/triton_smoke.ttadapter/before_cvpipelining_func_func_add_kernel_32.mlir
vector_add_2x_bench.ttadapter	complete	fail:1	1	1947811bf1156b7352e0568778d387e1077109006c9570ada9471af633c1fc4f	c2149795601874225a9f9feb6f699ce1ad9117f3c810b3e37500f29c7fd846b9	data/before_cvpipelining/vector_add_2x_bench.ttadapter/before_cvpipelining_func_func_add_kernel_32.mlir
vector_add_bench.ttadapter	complete	fail:1	1	9514cb8057b412bcb4084f04ad8ffbdb081710fbf3f2eebfd2698ed3be400ca0	c2149795601874225a9f9feb6f699ce1ad9117f3c810b3e37500f29c7fd846b9	data/before_cvpipelining/vector_add_bench.ttadapter/before_cvpipelining_func_func_add_kernel_32.mlir
vv_layernorm_2048.ttadapter	complete	fail:1	1	4acf1a9f663cc3c6cda5d8ff556770ea7ff585f4b797bc8dcf951c0f04f44f94	c2149795601874225a9f9feb6f699ce1ad9117f3c810b3e37500f29c7fd846b9	data/before_cvpipelining/vv_layernorm_2048.ttadapter/before_cvpipelining_func_func_layer_norm_fwd_fused_32.mlir
vv_layernorm_4096.ttadapter	complete	fail:1	1	5908368e8cb5c4882f0053892e0eb4c14506d7fe2134ba953ce0a73034200c31	c2149795601874225a9f9feb6f699ce1ad9117f3c810b3e37500f29c7fd846b9	data/before_cvpipelining/vv_layernorm_4096.ttadapter/before_cvpipelining_func_func_layer_norm_fwd_fused_32.mlir
vv_layernorm_8192.ttadapter	complete	fail:1	1	c6c68a33fe937b1a861b1a67a65858fe3314844930192404aed44942f69dd35e	c2149795601874225a9f9feb6f699ce1ad9117f3c810b3e37500f29c7fd846b9	data/before_cvpipelining/vv_layernorm_8192.ttadapter/before_cvpipelining_func_func_layer_norm_fwd_fused_32.mlir
vv_softmax_8192.ttadapter	complete	fail:1	1	56ecda148b66df1fe46122694a917c35b3e86105138a497686c624caca67cf62	c2149795601874225a9f9feb6f699ce1ad9117f3c810b3e37500f29c7fd846b9	data/before_cvpipelining/vv_softmax_8192.ttadapter/before_cvpipelining_func_func_softmax_kernel_32.mlir
vv_vector_add_8192.ttadapter	complete	fail:1	1	e2ab60420a45a1386fe5e13987b72c5d6e241c66d5acc0621785efacaeda602b	c2149795601874225a9f9feb6f699ce1ad9117f3c810b3e37500f29c7fd846b9	data/before_cvpipelining/vv_vector_add_8192.ttadapter/before_cvpipelining_func_func_add_kernel_32.mlir
